{"person_0": [1266.14, 459.531, 0.897533, 1239.69, 509.68, 0.875182, 1174.86, 506.693, 0.82782, 1115.94, 601.081, 0.908092, 1145.42, 668.527, 0.916479], "person_1": [1024.72, 577.441, 0.568887, 792.255, 692.162, 0.279029, 865.783, 751.05, 0.401185, 998.191, 1074.87, 0.216091, 1033.58, 951.23, 0.656184], "person_2": [0, 0, 0, 1519.4, 456.577, 0.842034, 1548.72, 456.775, 0.867719, 1539.9, 486.19, 0.424743, 0, 0, 0]}