{"person_0": [1266.14, 459.537, 0.897279, 1239.72, 509.68, 0.870373, 1174.84, 506.732, 0.826197, 1115.92, 603.873, 0.896884, 1142.62, 668.502, 0.929923], "person_1": [0, 0, 0, 1522.16, 453.796, 0.817571, 1551.59, 456.713, 0.864396, 1539.87, 486.164, 0.397953, 0, 0, 0], "person_2": [1024.81, 577.325, 0.577974, 795.172, 689.203, 0.277785, 868.798, 748.118, 0.409785, 998.195, 1074.87, 0.242136, 1033.57, 954.031, 0.664135]}