{"person_0": [1266.13, 459.542, 0.898803, 1239.71, 509.686, 0.869918, 1174.84, 506.704, 0.822039, 1115.85, 603.902, 0.879581, 1142.61, 668.714, 0.927658], "person_1": [1516.23, 412.435, 0.0919169, 1522.16, 456.584, 0.836522, 1551.61, 456.738, 0.87551, 1542.68, 486.151, 0.401626, 0, 0, 0], "person_2": [1024.74, 577.35, 0.506713, 792.27, 692.21, 0.355606, 865.821, 771.603, 0.378037, 998.272, 1074.87, 0.209829, 1033.55, 951.182, 0.655634]}