{"person_0": [1266.14, 459.526, 0.898827, 1239.71, 509.692, 0.862529, 1174.88, 506.698, 0.819727, 1115.83, 603.96, 0.867131, 1142.51, 671.612, 0.922384], "person_1": [1592.95, 436.223, 0.854426, 1589.75, 456.786, 0.803687, 1557.48, 456.642, 0.84963, 1542.72, 483.204, 0.287658, 0, 0, 0], "person_2": [1024.71, 577.45, 0.62525, 792.252, 686.269, 0.350219, 865.849, 768.666, 0.370826, 998.284, 1074.87, 0.209813, 1030.71, 951.198, 0.659628]}