{"person_0": [1266.15, 459.532, 0.898429, 1239.69, 509.689, 0.870431, 1174.83, 506.721, 0.822674, 1115.93, 603.832, 0.902678, 1142.62, 668.505, 0.919643], "person_1": [0, 0, 0, 1522.16, 456.586, 0.835196, 1551.62, 456.746, 0.87455, 1542.69, 486.135, 0.413007, 0, 0, 0], "person_2": [1021.79, 577.51, 0.483347, 789.317, 683.369, 0.328914, 862.903, 762.818, 0.397355, 998.234, 1074.87, 0.223274, 1030.7, 951.168, 0.623734]}