{"person_0": [759.865, 374.249, 0.857205, 648.156, 433.006, 0.865657, 594.98, 430.164, 0.762256, 527.454, 603.883, 0.848031, 665.647, 644.992, 0.906561], "person_1": [977.786, 385.951, 0.952151, 945.244, 433.087, 0.879466, 877.617, 430.229, 0.831791, 798.132, 533.17, 0.86915, 865.804, 583.294, 0.819896], "person_2": [506.743, 388.963, 0.430011, 315.462, 536.21, 0.334184, 368.414, 624.483, 0.357503, 562.691, 948.236, 0.432681, 598.08, 771.613, 0.705057]}