{"person_0": [759.83, 374.247, 0.854962, 648.151, 430.261, 0.864981, 594.982, 430.119, 0.75792, 527.389, 601.053, 0.865849, 665.643, 645.051, 0.916017], "person_1": [977.788, 385.961, 0.953483, 945.239, 433.071, 0.877439, 877.619, 430.227, 0.832474, 798.149, 533.18, 0.86527, 865.809, 583.345, 0.81929], "person_2": [506.656, 388.908, 0.450328, 312.501, 539.091, 0.325462, 365.479, 621.59, 0.358799, 559.755, 951.12, 0.440654, 600.827, 768.778, 0.727125]}