{"person_0": [762.642, 374.26, 0.862125, 650.926, 433.012, 0.859133, 595.018, 430.184, 0.770437, 527.313, 606.87, 0.81765, 665.712, 644.913, 0.908731], "person_1": [977.786, 385.95, 0.94945, 945.246, 433.089, 0.881126, 877.609, 430.218, 0.830024, 798.15, 533.198, 0.871361, 871.723, 586.265, 0.793827], "person_2": [509.637, 388.998, 0.377824, 318.33, 544.998, 0.309339, 371.39, 627.397, 0.354486, 568.513, 951.201, 0.434058, 597.93, 774.592, 0.683394]}