{"person_0": [759.92, 374.261, 0.860493, 650.908, 433.027, 0.865204, 595.028, 430.193, 0.770392, 527.221, 606.787, 0.811615, 665.658, 644.937, 0.906512], "person_1": [977.774, 385.945, 0.951992, 945.243, 433.093, 0.881325, 877.609, 430.227, 0.832328, 798.137, 530.458, 0.872618, 865.83, 583.266, 0.814103], "person_2": [506.825, 389.061, 0.649921, 315.398, 533.231, 0.336691, 365.529, 624.49, 0.353294, 568.542, 948.204, 0.430469, 598.02, 768.758, 0.705822]}