{"person_0": [762.663, 374.249, 0.866427, 648.156, 432.997, 0.861925, 595.006, 430.194, 0.765668, 527.394, 609.721, 0.820189, 665.646, 644.93, 0.908544], "person_1": [977.798, 385.969, 0.950547, 945.25, 433.088, 0.881885, 877.603, 430.198, 0.828541, 798.171, 530.445, 0.875626, 862.983, 580.273, 0.85281], "person_2": [509.631, 391.942, 0.551107, 318.334, 533.217, 0.330553, 371.38, 624.468, 0.349477, 568.539, 951.199, 0.435913, 597.898, 783.36, 0.67004]}