{"person_0": [671.635, 338.801, 0.949967, 589.19, 421.366, 0.789284, 533.187, 430.167, 0.742962, 489.121, 621.632, 0.812027, 648.094, 624.379, 0.938238], "person_1": [1004.25, 368.528, 0.8845, 954.235, 427.287, 0.875054, 907.022, 427.275, 0.854327, 906.881, 553.706, 0.975769, 983.625, 624.405, 0.883711], "person_2": [503.897, 433.269, 0.881811, 297.758, 653.914, 0.345446, 412.55, 701.003, 0.40318, 689.232, 1074.88, 0.156805, 765.682, 927.692, 0.720433]}