{"person_0": [671.614, 336.088, 0.954972, 589.189, 421.416, 0.787414, 533.202, 430.234, 0.74769, 492.03, 621.611, 0.813889, 648.106, 621.565, 0.936999], "person_1": [1004.26, 371.296, 0.880726, 954.263, 427.227, 0.861139, 907.018, 424.351, 0.843128, 906.882, 553.707, 0.972619, 986.473, 624.438, 0.877928], "person_2": [503.868, 436.02, 0.855245, 297.735, 653.884, 0.350429, 412.549, 700.975, 0.396731, 692.134, 1074.88, 0.15499, 765.725, 918.771, 0.68207]}