{"person_0": [671.664, 338.809, 0.94734, 589.121, 421.427, 0.781818, 530.346, 430.245, 0.753262, 489.075, 621.621, 0.819008, 648.022, 624.468, 0.951309], "person_1": [1007.04, 368.532, 0.87771, 957.011, 427.315, 0.8713, 907.142, 430.129, 0.830528, 906.883, 551.024, 0.972449, 983.525, 624.43, 0.891885], "person_2": [503.933, 433.211, 0.881632, 297.775, 656.845, 0.346133, 412.573, 701.015, 0.403635, 689.231, 1074.88, 0.130102, 762.817, 927.615, 0.739897]}