{"person_0": [671.609, 338.806, 0.95733, 589.16, 421.347, 0.786346, 530.397, 430.12, 0.736868, 497.847, 621.616, 0.812834, 650.913, 621.363, 0.901626], "person_1": [1007.05, 371.299, 0.875828, 954.223, 427.214, 0.865968, 906.97, 424.353, 0.848965, 906.888, 553.713, 0.972169, 986.492, 624.474, 0.87813], "person_2": [503.891, 436.055, 0.858678, 297.766, 648.073, 0.369793, 409.668, 698.069, 0.405028, 692.195, 1074.88, 0.168338, 762.904, 909.995, 0.690223]}