{"person_0": [671.646, 338.802, 0.947395, 589.159, 421.394, 0.785835, 530.402, 430.219, 0.746894, 489.095, 621.633, 0.819106, 648.066, 624.459, 0.943999], "person_1": [1004.26, 368.52, 0.884302, 954.27, 427.313, 0.87245, 907.066, 427.314, 0.834307, 906.885, 553.704, 0.974815, 983.595, 624.399, 0.889703], "person_2": [503.893, 433.195, 0.883321, 297.759, 659.764, 0.34952, 412.577, 701.009, 0.404135, 689.175, 1074.88, 0.129055, 762.886, 927.702, 0.718847]}