{"person_0": [1301.34, 503.737, 0.877307, 1230.83, 506.781, 0.887874, 1166.09, 506.644, 0.823892, 1089.48, 621.496, 0.893082, 1166.01, 709.838, 0.874441], "person_1": [989.462, 441.938, 0.853557, 895.253, 527.281, 0.819637, 833.491, 530.291, 0.754115, 821.645, 671.676, 0.732233, 954.23, 598.1, 0.864354], "person_2": [880.642, 506.899, 0.884421, 712.802, 624.524, 0.665555, 668.507, 650.99, 0.594964, 695.008, 930.486, 0.733856, 907.019, 903.986, 0.784656]}