{"person_0": [1301.34, 503.737, 0.876821, 1230.83, 506.784, 0.887942, 1166.1, 506.646, 0.822933, 1089.48, 621.504, 0.89655, 1166.01, 709.848, 0.876973], "person_1": [989.46, 439.17, 0.854216, 892.346, 527.31, 0.815377, 833.388, 530.324, 0.739872, 815.862, 671.666, 0.737264, 954.137, 600.811, 0.873906], "person_2": [880.636, 506.897, 0.881339, 709.794, 627.413, 0.616437, 668.507, 650.99, 0.589604, 692.256, 930.49, 0.734159, 906.942, 904.035, 0.788006]}