{"person_0": [1301.34, 503.737, 0.877867, 1230.83, 506.79, 0.888034, 1166.1, 506.651, 0.822907, 1089.5, 621.531, 0.90014, 1166.02, 709.843, 0.87482], "person_1": [989.456, 441.95, 0.852152, 889.442, 527.352, 0.822801, 833.33, 530.342, 0.735991, 815.794, 671.578, 0.743473, 954.043, 597.997, 0.862416], "person_2": [880.624, 509.639, 0.876098, 706.902, 627.42, 0.610693, 668.512, 650.978, 0.591079, 692.26, 930.49, 0.733271, 906.942, 904.047, 0.785028]}