{"person_0": [1301.34, 503.736, 0.877089, 1233.57, 506.788, 0.890749, 1166.11, 506.629, 0.821096, 1089.47, 621.417, 0.884327, 1166.03, 709.864, 0.870098], "person_1": [989.443, 439.142, 0.854574, 892.26, 527.303, 0.815494, 833.363, 530.349, 0.738145, 812.927, 671.612, 0.748881, 951.229, 594.978, 0.831337], "person_2": [880.605, 509.659, 0.871299, 706.876, 627.438, 0.608711, 668.516, 650.972, 0.591014, 692.259, 930.489, 0.732287, 906.98, 904.017, 0.782715]}