{"person_0": [1301.34, 503.739, 0.879129, 1230.82, 506.784, 0.887376, 1166.09, 506.641, 0.824263, 1089.49, 621.553, 0.908344, 1166.03, 709.877, 0.881702], "person_1": [989.487, 439.118, 0.861657, 889.412, 527.255, 0.817493, 833.385, 530.36, 0.740816, 812.874, 674.512, 0.73267, 948.267, 589.163, 0.782658], "person_2": [880.609, 509.698, 0.869486, 706.852, 627.447, 0.608123, 668.518, 650.97, 0.59138, 692.258, 930.488, 0.732131, 906.958, 904.02, 0.785855]}