{"person_0": [1301.34, 503.738, 0.878067, 1230.83, 506.781, 0.888902, 1166.1, 506.646, 0.822996, 1089.45, 621.501, 0.894637, 1166.01, 709.805, 0.870204], "person_1": [989.451, 441.95, 0.853087, 898.151, 527.277, 0.826966, 836.303, 530.302, 0.755119, 821.709, 671.699, 0.729811, 954.243, 598.103, 0.86811], "person_2": [880.628, 506.902, 0.883335, 715.731, 624.466, 0.70875, 668.513, 651.001, 0.599521, 692.253, 930.469, 0.7367, 907.026, 903.975, 0.788178]}