{"person_0": [1027.67, 247.863, 0.914021, 1068.86, 285.976, 0.904193, 1024.64, 280.119, 0.896209, 1018.76, 344.958, 0.825757, 974.723, 403.733, 0.786627], "person_1": [954.15, 344.809, 0.969025, 915.843, 430.151, 0.833093, 857.029, 430.251, 0.848031, 833.307, 550.95, 0.95342, 927.687, 621.623, 0.934014], "person_2": [745.212, 327.206, 0.854875, 650.943, 412.432, 0.830537, 597.894, 412.633, 0.678788, 553.872, 600.932, 0.885154, 677.508, 709.805, 0.798164]}