{"person_0": [1036.48, 250.638, 0.871102, 1074.79, 288.894, 0.899118, 1033.53, 285.963, 0.835851, 1021.75, 350.787, 0.868428, 974.714, 412.671, 0.795448], "person_1": [954.156, 344.817, 0.965779, 912.971, 430.21, 0.845417, 857.029, 430.257, 0.848221, 833.303, 550.946, 0.951745, 927.648, 621.637, 0.941931], "person_2": [745.208, 327.2, 0.856803, 648.165, 409.69, 0.846889, 595.012, 412.558, 0.672973, 553.888, 600.932, 0.883925, 677.478, 709.787, 0.796618]}