{"person_0": [745.245, 324.236, 0.865975, 648.036, 409.704, 0.842948, 589.162, 412.557, 0.608997, 553.886, 600.888, 0.88108, 689.217, 706.926, 0.813381], "person_1": [954.207, 344.858, 0.953967, 915.857, 430.161, 0.839992, 857.056, 430.258, 0.846018, 833.308, 550.957, 0.953518, 927.632, 621.648, 0.935723], "person_2": [547.857, 468.46, 0.100895, 380.153, 594.994, 0.544846, 344.867, 630.389, 0.525356, 350.71, 930.506, 0.712866, 544.983, 898.172, 0.644167]}