{"person_0": [954.159, 344.842, 0.967232, 918.793, 430.238, 0.846789, 857.047, 430.268, 0.8485, 833.308, 550.95, 0.953775, 927.661, 621.662, 0.937137], "person_1": [745.208, 327.185, 0.856766, 648.08, 409.724, 0.836559, 592.102, 412.588, 0.621271, 553.881, 600.903, 0.878229, 680.431, 706.924, 0.779834], "person_2": [530.373, 483.191, 0.0856095, 383.034, 592.1, 0.548217, 344.843, 633.265, 0.523253, 350.731, 930.555, 0.712088, 544.968, 898.151, 0.641367]}