{"person_0": [954.136, 344.83, 0.967732, 915.878, 430.206, 0.840707, 857.031, 430.266, 0.849317, 833.312, 550.958, 0.95579, 927.707, 621.648, 0.932694], "person_1": [745.195, 327.209, 0.856393, 650.943, 412.471, 0.825718, 597.894, 412.674, 0.664342, 553.845, 600.913, 0.88696, 677.441, 706.866, 0.78749], "person_2": [530.372, 494.933, 0.104818, 383.063, 595.002, 0.566786, 342.043, 633.28, 0.53685, 350.715, 930.536, 0.712179, 547.889, 895.23, 0.635074]}